{
  "tasks": [
    "minigrid_DoorKey-5x5",
    "minigrid_SimpleCrossingS9N1",
    "minigrid_LavaGapS5",
    "minigrid_MultiRoom-N2-S4"
  ],
  "seed": 1,
  "bar": 0.6,
  "phases": [
    {
      "phase": 0,
      "task": "minigrid_DoorKey-5x5",
      "steps_used": 14000,
      "all_good": true
    },
    {
      "phase": 1,
      "task": "minigrid_SimpleCrossingS9N1",
      "steps_used": 50000,
      "all_good": true
    },
    {
      "phase": 2,
      "task": "minigrid_LavaGapS5",
      "steps_used": 8000,
      "all_good": true
    },
    {
      "phase": 3,
      "task": "minigrid_MultiRoom-N2-S4",
      "steps_used": 64000,
      "all_good": true
    }
  ],
  "final_retention": {
    "minigrid_DoorKey-5x5": 0.9591999848683676,
    "minigrid_SimpleCrossingS9N1": 0.9049074073632558,
    "minigrid_LavaGapS5": 0.7597999850908915,
    "minigrid_MultiRoom-N2-S4": 0.813999996582667
  },
  "success_all_tasks": true,
  "solve_stability": {
    "minigrid_DoorKey-5x5": "63/64",
    "minigrid_SimpleCrossingS9N1": "38/38",
    "minigrid_LavaGapS5": "9/33",
    "minigrid_MultiRoom-N2-S4": "0/0"
  },
  "n_evals": 72,
  "composite": false,
  "final_retention_routed": null,
  "success_all_tasks_routed": null,
  "router_accuracy_final": null,
  "router_accuracy_inphase": null,
  "router_accuracy_final_by_task": null,
  "router_accuracy_inphase_by_task": {},
  "final_routed_rounds": null,
  "arbitration_bandit": null,
  "tunnel_rehearsal": true,
  "rehearsal_updates": 50,
  "rehearsal_bc_loss_curve": [
    0.1099823547899723,
    0.06713908068835735,
    0.08073660343885422,
    0.08137649215757847,
    0.07113581150770187,
    0.08747018367052078,
    0.07141680300235748,
    0.06431511491537094,
    0.06286699078977108,
    0.07981743037700653,
    0.1049546805024147,
    0.09588632181286812,
    0.05461944252252579,
    0.05889913745224476,
    0.08104023590683937,
    0.06017578788101673,
    0.05976850561797619,
    0.05532455816864967,
    0.07498213455080986,
    0.05975985042750835,
    0.05895763672888279,
    0.06053363598883152,
    0.06301414385437966,
    0.056580371260643005,
    0.06080012567341328,
    0.06861656244844198,
    0.07170810401439667,
    0.061852810885757205,
    0.06253789309412242,
    0.06421075105667114,
    0.052935865620772043,
    0.059263552154103914,
    0.06497891950110594,
    0.05668061825136344,
    0.05788911381115516,
    0.052550479732453824,
    0.0522089209780097,
    0.05507372335841258,
    0.05107150363425414,
    0.054909418175617855,
    0.053005020481844745,
    0.050292105985184514,
    0.051916084724167984,
    0.048738243393599986,
    0.04956675564249357,
    0.05034336157143116,
    0.052207159101963045,
    0.053268676015237965,
    0.05343868306527535,
    0.052063340085248155,
    0.051745127985874814,
    0.061607411243021486,
    0.05677747196207444,
    0.06226452585309744,
    0.05863899682958921,
    0.05634530149400234,
    0.05874510448426008,
    0.05718481088678042,
    0.05908249653875828,
    0.05220025526980559,
    0.05705960581700007
  ]
}