{
  "seed": 2,
  "task_a": "minigrid_DoorKey-5x5",
  "task_b": "minigrid_SimpleCrossingS9N1",
  "replay_mode": "clear",
  "actor_mode": "frozen_a_head",
  "replay_fraction_requested": 0.0,
  "replay_fraction_effective": 0.0,
  "A_before": 0.9651999870936075,
  "A_after": 0.0,
  "A_peak": 0.9639999866485596,
  "forgetting_abs": 0.9651999870936075,
  "retention_frac": 0.0,
  "B_final": 0.7283333301544189,
  "B_peak": 0.8547222256660462,
  "A_competent": true,
  "a_recovers": false,
  "b_learns": true,
  "success_both_bars": false,
  "gate_ok": true,
  "baseline_frozen_margin": 4.794970512390137,
  "final_frozen_margin": -0.22052747011184692,
  "baseline_frozen_flip": 0.0,
  "final_frozen_flip": 0.5341796875,
  "baseline_live_margin": 4.794970512390137,
  "final_live_margin": -4.088389873504639,
  "final_live_flip": 0.826171875,
  "baseline_wm_on_A": 1.142474889755249,
  "final_wm_on_A": 13.602129936218262,
  "n_b_evals": 50
}