{
  "tasks": [
    "minigrid_DoorKey-5x5",
    "minigrid_SimpleCrossingS9N1",
    "minigrid_LavaGapS5",
    "minigrid_MultiRoom-N2-S4"
  ],
  "seed": 3,
  "bar": 0.6,
  "phases": [
    {
      "phase": 0,
      "task": "minigrid_DoorKey-5x5",
      "steps_used": 12000,
      "all_good": true,
      "graduations": 1
    },
    {
      "phase": 1,
      "task": "minigrid_SimpleCrossingS9N1",
      "steps_used": 62000,
      "all_good": true,
      "graduations": 1
    },
    {
      "phase": 2,
      "task": "minigrid_LavaGapS5",
      "steps_used": 10000,
      "all_good": true,
      "graduations": 1
    },
    {
      "phase": 3,
      "task": "minigrid_MultiRoom-N2-S4",
      "steps_used": 46000,
      "all_good": true,
      "graduations": 1
    }
  ],
  "final_retention": {
    "minigrid_DoorKey-5x5": 0.963639986515045,
    "minigrid_SimpleCrossingS9N1": 0.825185184677442,
    "minigrid_LavaGapS5": 0.7844333151976267,
    "minigrid_MultiRoom-N2-S4": 0.7682499925295513
  },
  "success_all_tasks": true,
  "solve_stability": {
    "minigrid_DoorKey-5x5": "60/62",
    "minigrid_SimpleCrossingS9N1": "28/30",
    "minigrid_LavaGapS5": "16/24",
    "minigrid_MultiRoom-N2-S4": "0/0"
  },
  "n_evals": 69,
  "composite": false,
  "final_retention_routed": null,
  "success_all_tasks_routed": null,
  "router_accuracy_final": null,
  "router_accuracy_inphase": null,
  "router_accuracy_final_by_task": null,
  "router_accuracy_inphase_by_task": {},
  "final_routed_rounds": null,
  "arbitration_bandit": null,
  "tunnel_rehearsal": true,
  "rehearsal_updates": 50,
  "rehearsal_bc_loss_curve": [
    0.07733353599905968,
    0.08022676780819893,
    0.05098847061395645,
    0.05511453524231911,
    0.06630470268428326,
    0.05756958283483982,
    0.05191607713699341,
    0.048186415955424305,
    0.053355768844485285,
    0.05194040570408106,
    0.05119156464934349,
    0.051668931767344474,
    0.05826094880700111,
    0.05315205119550228,
    0.05077368088066578,
    0.04860669925808907,
    0.05499201998114586,
    0.05198140412569046,
    0.05033037930727005,
    0.04688907250761986,
    0.05887743651866913,
    0.058645532876253126,
    0.048594351336359976,
    0.05691348128020764,
    0.05169925600290298,
    0.05015230290591717,
    0.04802200138568878,
    0.04973837543278933,
    0.0509673148393631,
    0.04865991819649935,
    0.05379563219845295,
    0.09981083903461695,
    0.07288895346224308,
    0.0732490567676723,
    0.08206257283687592,
    0.06542428433895112,
    0.0869128617271781,
    0.07686995051801204,
    0.08339713624368111,
    0.07571819608410199,
    0.06478568670650323,
    0.06601596601307393,
    0.06249954921503862,
    0.06072675405691067,
    0.05949971919258436,
    0.07747487038373947,
    0.06706525010367234,
    0.07063332791129748,
    0.06536112445096175,
    0.06332921773195267,
    0.06371456091602644,
    0.06582163378596306,
    0.0674691653996706,
    0.06054708038767179,
    0.06477219777802626,
    0.0633813896526893,
    0.061580956553419434,
    0.061663802899420264,
    0.06462755799293518
  ]
}