{
  "tasks": [
    "minigrid_DoorKey-5x5",
    "minigrid_SimpleCrossingS9N1",
    "minigrid_LavaGapS5",
    "minigrid_MultiRoom-N2-S4"
  ],
  "seed": 1,
  "bar": 0.6,
  "phases": [
    {
      "phase": 0,
      "task": "minigrid_DoorKey-5x5",
      "steps_used": 22000,
      "all_good": true,
      "graduations": 1
    },
    {
      "phase": 1,
      "task": "minigrid_SimpleCrossingS9N1",
      "steps_used": 28000,
      "all_good": true,
      "graduations": 1
    },
    {
      "phase": 2,
      "task": "minigrid_LavaGapS5",
      "steps_used": 40000,
      "all_good": true,
      "graduations": 1
    },
    {
      "phase": 3,
      "task": "minigrid_MultiRoom-N2-S4",
      "steps_used": 34000,
      "all_good": true,
      "graduations": 1
    }
  ],
  "final_retention": {
    "minigrid_DoorKey-5x5": 0.8806533217430115,
    "minigrid_SimpleCrossingS9N1": 0.6297222187121709,
    "minigrid_LavaGapS5": 0.9336999793847403,
    "minigrid_MultiRoom-N2-S4": 0.7379166603088377
  },
  "success_all_tasks": true,
  "solve_stability": {
    "minigrid_DoorKey-5x5": "54/54",
    "minigrid_SimpleCrossingS9N1": "23/39",
    "minigrid_LavaGapS5": "18/18",
    "minigrid_MultiRoom-N2-S4": "0/0"
  },
  "n_evals": 66,
  "composite": false,
  "final_retention_routed": null,
  "success_all_tasks_routed": null,
  "router_accuracy_final": null,
  "router_accuracy_inphase": null,
  "router_accuracy_final_by_task": null,
  "router_accuracy_inphase_by_task": {},
  "final_routed_rounds": null,
  "arbitration_bandit": null,
  "tunnel_rehearsal": true,
  "rehearsal_source": "real_filtered",
  "rehearsal_anchor": 0,
  "rehearsal_updates": 50,
  "rehearsal_bc_loss_curve": [
    0.9671951866149903,
    0.696405827999115,
    0.6512736338376999,
    0.587732663154602,
    0.5943761175870895,
    0.528812689781189,
    0.48851210474967954,
    0.4955793571472168,
    0.459554203748703,
    0.4151030486822128,
    0.4367446517944336,
    0.41627147555351257,
    0.3935521149635315,
    0.4024790108203888,
    0.5683243709802628,
    0.48277666375041006,
    0.43954763233661653,
    0.4145114053785801,
    0.38113057434558867,
    0.3637558053433895,
    0.35978556007146834,
    0.34443028703331946,
    0.32924468114972116,
    0.3309898014366627,
    0.3157668404281139,
    0.30732459560036657,
    0.29527700364589693,
    0.3004774212837219,
    0.3024289719760418,
    0.2940963625907898,
    0.2730772587656975,
    0.2795837888121605,
    0.27514930099248885,
    0.27292651385068895,
    0.36279276907444,
    0.33972936163345974,
    0.32412807474533717,
    0.3191796864072482,
    0.3192008517185847,
    0.31413753549257917,
    0.30663851777712503,
    0.3064508844415347,
    0.2962353696425756,
    0.3006684511899948,
    0.29524892518917717,
    0.289336623052756,
    0.2903012046217918,
    0.2887802184621493,
    0.2957636033495267,
    0.2905851670106252,
    0.28768562704324724
  ]
}