{
  "seed": 3,
  "task_a": "minigrid_DoorKey-5x5",
  "task_b": "minigrid_SimpleCrossingS9N1",
  "replay_mode": "clear",
  "actor_mode": "frozen_a_head",
  "replay_fraction_requested": 0.0,
  "replay_fraction_effective": 0.0,
  "A_before": 0.961959985891978,
  "A_after": 0.06512000014384588,
  "A_peak": 0.9621999859809875,
  "forgetting_abs": 0.8968399857481321,
  "retention_frac": 0.06769512360065925,
  "B_final": 0.8099074105421703,
  "B_peak": 0.9455555617809296,
  "A_competent": true,
  "a_recovers": false,
  "b_learns": true,
  "success_both_bars": false,
  "gate_ok": true,
  "baseline_frozen_margin": 5.537052154541016,
  "final_frozen_margin": 2.8155336380004883,
  "baseline_frozen_flip": 0.0,
  "final_frozen_flip": 0.2822265625,
  "baseline_live_margin": 5.537052154541016,
  "final_live_margin": 0.6203761100769043,
  "final_live_flip": 0.4404296875,
  "baseline_wm_on_A": 0.7733865976333618,
  "final_wm_on_A": 15.42116641998291,
  "n_b_evals": 50
}