{
  "tasks": [
    "minigrid_DoorKey-5x5",
    "minigrid_SimpleCrossingS9N1",
    "minigrid_LavaGapS5",
    "minigrid_MultiRoom-N2-S4"
  ],
  "seed": 3,
  "bar": 0.6,
  "phases": [
    {
      "phase": 0,
      "task": "minigrid_DoorKey-5x5",
      "steps_used": 28000,
      "all_good": true,
      "graduations": 1
    },
    {
      "phase": 1,
      "task": "minigrid_SimpleCrossingS9N1",
      "steps_used": 24000,
      "all_good": true,
      "graduations": 1
    },
    {
      "phase": 2,
      "task": "minigrid_LavaGapS5",
      "steps_used": 34000,
      "all_good": true,
      "graduations": 1
    },
    {
      "phase": 3,
      "task": "minigrid_MultiRoom-N2-S4",
      "steps_used": 30000,
      "all_good": true,
      "graduations": 1
    }
  ],
  "final_retention": {
    "minigrid_DoorKey-5x5": 0.8949333190917969,
    "minigrid_SimpleCrossingS9N1": 0.7428703715403874,
    "minigrid_LavaGapS5": 0.9246999959150951,
    "minigrid_MultiRoom-N2-S4": 0.7161666621764501
  },
  "success_all_tasks": true,
  "solve_stability": {
    "minigrid_DoorKey-5x5": "47/47",
    "minigrid_SimpleCrossingS9N1": "21/34",
    "minigrid_LavaGapS5": "16/16",
    "minigrid_MultiRoom-N2-S4": "0/0"
  },
  "n_evals": 62,
  "composite": false,
  "final_retention_routed": null,
  "success_all_tasks_routed": null,
  "router_accuracy_final": null,
  "router_accuracy_inphase": null,
  "router_accuracy_final_by_task": null,
  "router_accuracy_inphase_by_task": {},
  "final_routed_rounds": null,
  "arbitration_bandit": null,
  "tunnel_rehearsal": true,
  "rehearsal_source": "real_filtered",
  "rehearsal_anchor": 0,
  "rehearsal_updates": 50,
  "rehearsal_bc_loss_curve": [
    1.016427658200264,
    0.6634835118055343,
    0.603304728269577,
    0.5941412115097046,
    0.542913920879364,
    0.5371132981777191,
    0.5098717910051346,
    0.4863041186332703,
    0.4454245001077652,
    0.44162663727998736,
    0.41565348863601687,
    0.42190124303102494,
    0.6323030543327331,
    0.5314361518621444,
    0.5121875753998757,
    0.4738209542632103,
    0.43181016951799395,
    0.43673011869192124,
    0.41292855858802796,
    0.39213452726602555,
    0.38397869721055033,
    0.37977314785122873,
    0.3538432404398918,
    0.35805815413594244,
    0.33972628399729726,
    0.33164278835058214,
    0.3287343640625477,
    0.3251256109774113,
    0.3168146616220474,
    0.4145487917462985,
    0.38875090340773266,
    0.37557552188634874,
    0.35875668972730634,
    0.3673761356870333,
    0.3613353218634923,
    0.35381989975770317,
    0.3500821972886721,
    0.3535264399647713,
    0.35669975181420643,
    0.3482115437587102,
    0.3368275002638499,
    0.3325767328341802,
    0.3357750285665194,
    0.33944750428199766
  ]
}