{
  "tasks": [
    "minigrid_DoorKey-5x5",
    "minigrid_SimpleCrossingS9N1",
    "minigrid_LavaGapS5",
    "minigrid_MultiRoom-N2-S4"
  ],
  "seed": 2,
  "bar": 0.6,
  "phases": [
    {
      "phase": 0,
      "task": "minigrid_DoorKey-5x5",
      "steps_used": 12000,
      "all_good": true
    },
    {
      "phase": 1,
      "task": "minigrid_SimpleCrossingS9N1",
      "steps_used": 74000,
      "all_good": true
    },
    {
      "phase": 2,
      "task": "minigrid_LavaGapS5",
      "steps_used": 8000,
      "all_good": true
    },
    {
      "phase": 3,
      "task": "minigrid_MultiRoom-N2-S4",
      "steps_used": 150000,
      "all_good": false
    }
  ],
  "final_retention": {
    "minigrid_DoorKey-5x5": 0.9563199838002522,
    "minigrid_SimpleCrossingS9N1": 0.7400925904512405,
    "minigrid_LavaGapS5": 0.6615999857584636,
    "minigrid_MultiRoom-N2-S4": 0.8057499925295512
  },
  "success_all_tasks": true,
  "solve_stability": {
    "minigrid_DoorKey-5x5": "117/118",
    "minigrid_SimpleCrossingS9N1": "73/80",
    "minigrid_LavaGapS5": "14/75",
    "minigrid_MultiRoom-N2-S4": "0/0"
  },
  "n_evals": 125,
  "composite": false,
  "final_retention_routed": null,
  "success_all_tasks_routed": null,
  "router_accuracy_final": null,
  "router_accuracy_inphase": null,
  "router_accuracy_final_by_task": null,
  "router_accuracy_inphase_by_task": {},
  "final_routed_rounds": null,
  "arbitration_bandit": null,
  "tunnel_rehearsal": true,
  "rehearsal_updates": 50,
  "rehearsal_bc_loss_curve": [
    0.06318789690732957,
    0.04892870973795652,
    0.05002259228378534,
    0.05328402556478977,
    0.053779344968497754,
    0.058184640780091286,
    0.059559460952878,
    0.05398432731628418,
    0.04978860393166542,
    0.05508475162088871,
    0.05431996494531632,
    0.052119180038571356,
    0.058440033718943594,
    0.06469540439546108,
    0.0672687391191721,
    0.05086466856300831,
    0.05276941917836666,
    0.0458528396487236,
    0.050074434280395506,
    0.04159638315439224,
    0.05526086829602719,
    0.04660477057099342,
    0.05855872809886933,
    0.047052960023283956,
    0.04595233865082264,
    0.04387649141252041,
    0.04241008650511503,
    0.04648208245635033,
    0.04207507364451885,
    0.040406120233237745,
    0.045424479506909844,
    0.034931276366114615,
    0.04511875245720148,
    0.052425535023212434,
    0.04650631904602051,
    0.046438370309770105,
    0.05071001660078764,
    0.07169871652498841,
    0.06631899334490299,
    0.06681010330095888,
    0.057774532306939366,
    0.061611108370125296,
    0.06088854474325975,
    0.05907767341782649,
    0.05623232009510199,
    0.0526474870617191,
    0.0547806428745389,
    0.05840487169722716,
    0.061996875988940395,
    0.06148545389374097,
    0.05609041394044956,
    0.059248143633206685,
    0.05118911104897658,
    0.055783148445189,
    0.05251421836515268,
    0.059555527505775294,
    0.06435482965161403,
    0.058193483029802644,
    0.052368896963695684,
    0.052754869014024736,
    0.049703729127844175,
    0.0630452831958731,
    0.05380767563978831,
    0.058151166861255967,
    0.05512279719114303,
    0.05984246832629045,
    0.051865288987755775,
    0.05263753258933623,
    0.052424623481929306,
    0.051796580764154596,
    0.054444231390953064,
    0.057648127041757105,
    0.05179091934114695,
    0.056897344204286736,
    0.054969066716730595,
    0.05626435545583566,
    0.05364725466817617,
    0.05940122692535321,
    0.05085754544784626,
    0.05295893669128418,
    0.04980423224469026,
    0.05601927184810241,
    0.058019201159477236,
    0.054420268572866914,
    0.05379098361978928,
    0.05632507285724084,
    0.054675031465788684,
    0.05400728700061639,
    0.04665470500787099,
    0.051454067168136434,
    0.049666580247382325,
    0.05187911547720432,
    0.05075898556659619,
    0.04625419694930315,
    0.047774048248926795,
    0.04936552931865056,
    0.0515954805786411,
    0.052232239283621314,
    0.053611958622932436,
    0.04992276171843211,
    0.05185642001529535,
    0.054733170047402385,
    0.05587941524883111,
    0.055685225687921044,
    0.047954455489913624,
    0.04605024136602878,
    0.048859135781725245,
    0.04575385663037499,
    0.04922457195818424,
    0.05554664832850297,
    0.049416486732661725,
    0.05191596370190382,
    0.053355889295538264,
    0.05314888964096705,
    0.05124974362552166,
    0.0483487202351292
  ]
}