{
  "tasks": [
    "minigrid_DoorKey-5x5",
    "minigrid_SimpleCrossingS9N1",
    "minigrid_LavaGapS5",
    "minigrid_MultiRoom-N2-S4"
  ],
  "seed": 3,
  "bar": 0.6,
  "phases": [
    {
      "phase": 0,
      "task": "minigrid_DoorKey-5x5",
      "steps_used": 10000,
      "all_good": true
    },
    {
      "phase": 1,
      "task": "minigrid_SimpleCrossingS9N1",
      "steps_used": 40000,
      "all_good": true
    },
    {
      "phase": 2,
      "task": "minigrid_LavaGapS5",
      "steps_used": 10000,
      "all_good": true
    },
    {
      "phase": 3,
      "task": "minigrid_MultiRoom-N2-S4",
      "steps_used": 70000,
      "all_good": true
    }
  ],
  "final_retention": {
    "minigrid_DoorKey-5x5": 0.9579999844233195,
    "minigrid_SimpleCrossingS9N1": 0.8262037018934886,
    "minigrid_LavaGapS5": 0.7273666520913441,
    "minigrid_MultiRoom-N2-S4": 0.7989999949932098
  },
  "success_all_tasks": true,
  "solve_stability": {
    "minigrid_DoorKey-5x5": "63/63",
    "minigrid_SimpleCrossingS9N1": "42/42",
    "minigrid_LavaGapS5": "15/36",
    "minigrid_MultiRoom-N2-S4": "0/0"
  },
  "n_evals": 69,
  "composite": false,
  "final_retention_routed": null,
  "success_all_tasks_routed": null,
  "router_accuracy_final": null,
  "router_accuracy_inphase": null,
  "router_accuracy_final_by_task": null,
  "router_accuracy_inphase_by_task": {},
  "final_routed_rounds": null,
  "arbitration_bandit": null,
  "tunnel_rehearsal": true,
  "rehearsal_updates": 50,
  "rehearsal_bc_loss_curve": [
    0.17427531272172928,
    0.0728787700086832,
    0.06827982358634471,
    0.06040631793439388,
    0.11219255745410919,
    0.09291548997163773,
    0.1039037449657917,
    0.07110554158687592,
    0.08973216839134693,
    0.10095098897814751,
    0.07775617718696594,
    0.07410200484097004,
    0.06726147040724755,
    0.06327861502766609,
    0.08607934415340424,
    0.09002709083259106,
    0.0839601543545723,
    0.08563297539949417,
    0.10328939840197564,
    0.08028021484613418,
    0.0799731484055519,
    0.0818786296620965,
    0.08814136732369661,
    0.07506787810474634,
    0.0734888456016779,
    0.08231568366289138,
    0.0641527642061313,
    0.06318489002684752,
    0.06796891870597999,
    0.060827065892517566,
    0.07001161951571704,
    0.0697019804517428,
    0.05549768425524235,
    0.05874701959391435,
    0.06504418291151523,
    0.06061265632510185,
    0.06097365488608678,
    0.06445126256595056,
    0.05254685657719771,
    0.06138042908161879,
    0.05549200776964426,
    0.05803074639290571,
    0.053908038325607775,
    0.05519417803734541,
    0.05424267510573069,
    0.05797369211912155,
    0.0505471687267224,
    0.05030299124618371,
    0.05265092443674803,
    0.0512908564756314,
    0.055195936361948646,
    0.05774984757105509,
    0.05498483198384444,
    0.057894161057968935,
    0.05570743666340908,
    0.060281509483853975,
    0.05107051285604636,
    0.05483162072797616,
    0.04912372769167026,
    0.05649667027095954
  ]
}