{
  "seed": 1,
  "task_a": "minigrid_DoorKey-5x5",
  "task_b": "minigrid_SimpleCrossingS9N1",
  "replay_mode": "clear",
  "actor_mode": "frozen_a_head",
  "replay_fraction_requested": 0.0,
  "replay_fraction_effective": 0.0,
  "A_before": 0.9666399876276652,
  "A_after": 0.0,
  "A_peak": 0.9639999866485596,
  "forgetting_abs": 0.9666399876276652,
  "retention_frac": 0.0,
  "B_final": 0.6970370352268219,
  "B_peak": 0.8172222197055816,
  "A_competent": true,
  "a_recovers": false,
  "b_learns": true,
  "success_both_bars": false,
  "gate_ok": true,
  "baseline_frozen_margin": 5.132601261138916,
  "final_frozen_margin": 0.6640601754188538,
  "baseline_frozen_flip": 0.0,
  "final_frozen_flip": 0.4814453125,
  "baseline_live_margin": 5.132601261138916,
  "final_live_margin": 0.2920416295528412,
  "final_live_flip": 0.4765625,
  "baseline_wm_on_A": 0.4451970160007477,
  "final_wm_on_A": 14.89749813079834,
  "n_b_evals": 50
}