{
  "tasks": [
    "minigrid_DoorKey-5x5",
    "minigrid_SimpleCrossingS9N1",
    "minigrid_LavaGapS5",
    "minigrid_MultiRoom-N2-S4"
  ],
  "seed": 2,
  "bar": 0.6,
  "phases": [
    {
      "phase": 0,
      "task": "minigrid_DoorKey-5x5",
      "steps_used": 12000,
      "all_good": true,
      "graduations": 1
    },
    {
      "phase": 1,
      "task": "minigrid_SimpleCrossingS9N1",
      "steps_used": 32000,
      "all_good": true,
      "graduations": 1
    },
    {
      "phase": 2,
      "task": "minigrid_LavaGapS5",
      "steps_used": 40000,
      "all_good": true,
      "graduations": 1
    },
    {
      "phase": 3,
      "task": "minigrid_MultiRoom-N2-S4",
      "steps_used": 28000,
      "all_good": true,
      "graduations": 1
    }
  ],
  "final_retention": {
    "minigrid_DoorKey-5x5": 0.9608799854914348,
    "minigrid_SimpleCrossingS9N1": 0.7508333305517833,
    "minigrid_LavaGapS5": 0.9444999794165293,
    "minigrid_MultiRoom-N2-S4": 0.7997499942779541
  },
  "success_all_tasks": true,
  "solve_stability": {
    "minigrid_DoorKey-5x5": "53/53",
    "minigrid_SimpleCrossingS9N1": "21/36",
    "minigrid_LavaGapS5": "15/15",
    "minigrid_MultiRoom-N2-S4": "0/0"
  },
  "n_evals": 60,
  "composite": false,
  "final_retention_routed": null,
  "success_all_tasks_routed": null,
  "router_accuracy_final": null,
  "router_accuracy_inphase": null,
  "router_accuracy_final_by_task": null,
  "router_accuracy_inphase_by_task": {},
  "final_routed_rounds": null,
  "arbitration_bandit": null,
  "tunnel_rehearsal": true,
  "rehearsal_updates": 50,
  "rehearsal_bc_loss_curve": [
    0.20074781775474548,
    0.07426749177277088,
    0.057345730289816856,
    0.057388317063450815,
    0.0719907222688198,
    0.05538609050214291,
    0.07025372631847858,
    0.05976261213421821,
    0.055026692226529124,
    0.056463190987706184,
    0.05268008422106504,
    0.0580335158854723,
    0.06024558998644352,
    0.05231848359107971,
    0.05040253296494484,
    0.054842156246304515,
    0.08327083602547646,
    0.07844216912984849,
    0.07216923164203763,
    0.06689633257687091,
    0.07093283228576183,
    0.06991068687289953,
    0.06694524422287941,
    0.06796945925801992,
    0.06939129875972867,
    0.06704220492392779,
    0.06566192831844092,
    0.06067231705412269,
    0.06189374521374703,
    0.06182988218963146,
    0.06911044877022504,
    0.06484199184924364,
    0.07035599313676358,
    0.07126441769301892,
    0.07018699787557126,
    0.06563529532402754,
    0.07029020711779595,
    0.07420546524226665,
    0.06990068847934405,
    0.0658280648291111,
    0.06485226047535737,
    0.06617869401971499,
    0.08243589803576469,
    0.08319779286781946,
    0.0750670870145162,
    0.07167270610729853,
    0.06479477114975453,
    0.06206260751932859,
    0.06754426469405492,
    0.06814408170680206
  ]
}